pathway	HB1	HB2	HB3	HB4	HB5	N1	N2	N3	N4	N5
1CMET2-PWY	40782.02699404456	34004.01774468312	42275.45681471099	36190.52686816551	39333.3535648533	68044.40697109576	65698.87912677665	63824.74942492277	59513.768841381534	52153.31519854639
3-HYDROXYPHENYLACETATE-DEGRADATION-PWY	15386.248813760825	17707.756012944275	14324.888131774083	22104.55671431545	17935.29963652775	3111.1695299690823	1778.122954019576	3966.6444047276195	2712.2326040423563	1982.606373203493
AEROBACTINSYN-PWY	218.1813665315576	115.99158131234076	7399.262699705749	131.95526770946944	257.39925259070986	130.93044882951065	0.0	694.8109249342348	105.96047276384664	2.43
ALL-CHORISMATE-PWY	26983.24500320801	26586.15199604986	27166.77462550497	29433.500809088164	27533.20834470717	23201.678837127216	20644.650222219327	25706.14190726612	23907.064675344227	19741.697212825344
ANAEROFRUCAT-PWY	50600.115652563014	42684.9913754145	49017.19192758378	47986.7529495474	54730.49749275814	81806.71614483648	71555.03974512128	63468.73942024659	57803.057193590306	50680.39599006278
ANAGLYCOLYSIS-PWY	54675.96690425526	45699.8686330687	56289.513433713764	48753.02300940696	55221.27500378794	88655.93746645613	83234.05919800334	79336.26133253312	74249.204128935	64523.43624826506
ARG+POLYAMINE-SYN	25998.74900962971	24110.93013859872	24686.018084595922	27008.95913085647	25485.03609298423	21822.49392453667	23486.32314677327	18246.613318187658	19495.453558699875	15639.43749800069
ARGDEG-PWY	15825.958263096401	17380.304836032778	11328.829040132525	20553.915992868177	18060.659068809036	9651.613028464175	10248.567841092528	9437.125929132748	10070.274871727155	6308.378170022165
ARGORNPROST-PWY	2981.5110933437977	2475.700622668907	6237.734786772473	3316.306385420345	5057.004477481715	7973.124294316954	6132.655644090077	6742.032864118138	4486.476188538867	2986.4530672537608
ARGSYN-PWY	40298.499844829	32994.90315062804	40863.94625321	32369.6010560606	33874.82012152859	53184.93217674563	53648.50718282163	56802.05529283446	49655.328274514846	50261.58465307458
ARGSYNBSUB-PWY	40164.686057285166	31759.130514289885	40781.21348662471	32501.636867350786	33224.19913631909	52569.36091181338	52050.934405986205	60464.09360089285	48547.91828974262	53872.38066498985
ARO-PWY	49936.1098311793	40814.52959283455	47737.91472453239	42633.67829100659	42161.68522604013	64019.34432962133	65780.05749201651	65674.25128197113	59729.75963411416	54723.570255313985
ASPASN-PWY	53359.25693318415	42538.442003971475	50938.434072994314	36387.88873473231	39785.36320215719	71761.6240073504	73797.22244429674	52882.52843536156	58280.45901039634	46365.71117995396
AST-PWY	13480.565925453679	14643.243738223795	16328.430971472351	18874.647454469017	15763.700685408114	7259.9973910976405	7101.13	7769.355946410276	7342.327173257057	4761.85
BIOTIN-BIOSYNTHESIS-PWY	31414.12194404019	30728.426171786996	37540.827164777365	32974.217146141695	32405.225484967377	30203.951979661302	25293.407403351754	32862.576240023925	26028.045484660375	20636.577134708303
BRANCHED-CHAIN-AA-SYN-PWY	46322.24009189972	39493.83329073802	46732.89374520233	39865.43631869417	41391.37518754037	72839.68354729784	74676.15672486735	72347.49364564117	67544.49686763872	59913.32147075551
CALVIN-PWY	70045.05952682697	60187.85978907576	60255.942808103784	66748.88905828282	66818.98462957388	85028.04105303694	87732.40836516643	74513.33573712509	73449.97939610657	59584.40554836781
CATECHOL-ORTHO-CLEAVAGE-PWY	11643.052554987888	13642.945791940196	5140.816105072351	17008.8123553976	13791.316600060689	1473.9831553424465	267.30442873758614	3413.484885651874	1098.0430335050999	878.694291237875
CENTFERM-PWY	13090.229966407343	6490.18446452121	12916.384123179512	6682.205993296724	7765.172626371329	16453.340954204054	14028.20375839418	13115.43492732434	7788.058949248172	10779.038002029878
CHLOROPHYLL-SYN	0.0	6.982775486935121	6.9918123513740325	0.0	6.984957341838568	5.593184390112557	0.0	0.0	0.0	0.0
COA-PWY	43223.190729515554	34449.42648042501	44606.967576582305	35749.6027604306	41298.8272006446	74411.93944473636	69008.11033479734	70394.47721577586	63259.93897398193	57798.40976929928
COBALSYN-PWY	29293.918946061025	23812.86762655274	22730.329440938003	26853.47534591495	24165.539563457947	42563.82365418351	46344.05176448153	43190.67317556703	43799.66019698358	37172.3710697439
CODH-PWY	7656.50965346003	3673.5347978448026	5935.787752376239	621.914405380783	784.607689834548	4667.474520953064	7549.843481346595	4468.413708669574	5483.800199746413	4756.984656285929
COLANSYN-PWY	26617.576508143422	23881.821662123828	35417.41857705936	18447.425941519577	27228.14821873154	51557.05978080255	45685.49209606229	49482.09761293724	46248.02718347673	39203.979638078075
COMPLETE-ARO-PWY	51165.11198654396	42152.53371135839	49453.23118361663	43982.92569036529	43633.51206029948	67189.29143998752	68849.33451067847	69658.83134371482	63273.83949143616	58049.68926949
CRNFORCAT-PWY	713.1831123339105	3580.481422741566	2194.714600620393	4502.198381399082	4720.450528172884	980.080612416381	178.16760443784185	1137.1769770605797	781.1459924926122	198.74616040794143
DAPLYSINESYN-PWY	42890.67269639883	35540.09309671444	39991.58485592317	39672.22154935273	39556.219954074135	53936.12442000573	52568.50144888514	52307.06662012511	44492.70270435946	44223.84769135632
DENITRIFICATION-PWY	39.813590334846424	78.18883645240032	233.06186997937104	73.20785983380453	109.41378642894803	127.01964583634829	0.0	149.85915492957747	83.03048182424531	0.0
DENOVOPURINE2-PWY	43541.53343447197	37969.83476705104	45096.120274143745	37410.20576731033	42296.71345847489	74323.66428901617	69399.51122315846	69666.39276612108	63914.19636685095	56951.858183182005
DHGLUCONATE-PYR-CAT-PWY	17.139364654226718	788.9074962467495	1424.6354305872312	1015.1110577695267	1214.8774613551757	1072.3395253462058	0.0	1143.4623508138545	749.2529473439531	0.0
DTDPRHAMSYN-PWY	34833.046662311004	25621.01260989556	42799.297870649134	23078.734665657565	30669.832249669973	70276.31467479673	67093.07558996967	64921.67482492752	61330.40491699655	57033.84910843026
ECASYN-PWY	15389.75831949541	17070.895087498884	15325.208644209499	20224.59438129358	18045.439700700495	9260.949734043612	10424.200832265984	8185.982594631577	9887.531703432944	6116.423624391241
ENTBACSYN-PWY	32900.028208717944	33511.577220394574	22767.649078702678	39871.3951476322	37136.4422523545	19005.588131953165	16755.57050338071	21657.44571325554	18404.326505762692	15745.348420924556
FAO-PWY	30965.34407757522	34090.86310533013	32649.770361674455	38671.01809180554	34593.014605834804	19014.297092182307	18986.468259753434	21094.574414817114	18999.395151818124	11641.421614988662
FASYN-ELONG-PWY	53699.800591833846	49998.476951587436	52565.82298908823	46458.35322243356	51729.794468644126	83692.3504484311	81381.40001518426	79451.64918910325	76307.0553309397	63042.97626838013
FASYN-INITIAL-PWY	26945.340722540146	27559.911046638746	37090.421735306	32138.584891237802	30045.912449333668	19586.42040582906	16085.076218532271	21948.486855003186	17441.98995880729	12461.718561540156
FERMENTATION-PWY	45548.842510558665	43422.50224010819	44976.1512715297	45080.213649077254	46779.07552793795	60904.421684916255	52688.85969024602	45369.777422694424	42360.701201421325	36884.955416783996
FOLSYN-PWY	43582.79496549786	36358.941170761325	45792.2337794885	37090.29047838065	39509.8497594942	64949.708508731244	64288.88480149599	63686.219711615755	60608.07424023284	49674.43405381678
FUC-RHAMCAT-PWY	16683.490095835783	17945.82230321147	15438.139846868582	19798.079967666905	17787.96901817034	18156.425842632114	15821.203618477304	20379.81703298872	17100.84004930806	17704.350574460306
FUCCAT-PWY	15408.962276263865	16127.08407384136	14587.63155841908	18892.134633758204	15392.076706423166	14975.990982840918	12705.570470087005	26121.058579011507	18540.4485606485	25522.668355681988
GALACT-GLUCUROCAT-PWY	31567.471820353127	30928.996750687034	26297.667002080503	34801.961025993776	31611.84119760483	24680.081523032422	27766.78427409123	22028.622892610223	20830.809026223036	18244.388287767448
GALACTARDEG-PWY	14083.478379438646	16171.574786136069	13467.124383120836	19726.771703541315	16109.531427616974	3883.373860019262	2396.087401886779	4389.970806865669	3591.404236320528	2335.2937371506628
GALACTUROCAT-PWY	33742.13032564674	31151.831353160553	28569.804534195056	36858.30427474561	33543.24780987429	33796.80330570097	35128.34234667079	29602.191779325058	26060.008411608116	24724.72797763971
GALLATE-DEGRADATION-I-PWY	5018.39294955419	5758.506904211538	2932.458382456274	7092.845446460512	5633.903921081279	358.2715128024526	115.8033268438169	518.3655476221298	292.53076453248485	385.0856060216202
GALLATE-DEGRADATION-II-PWY	5040.985548262258	5771.939451275271	3324.723634908086	7106.0810053568475	5652.520752628543	378.1660119035532	115.8033268438169	563.4507373410348	306.092629606716	386.0416279810013
GLCMANNANAUT-PWY	31871.111245900487	29799.314700789717	30909.33392339214	33728.14343263581	35331.25682492306	51163.91032023574	47586.3532087361	40972.90471003506	36651.96971441512	31416.059020032044
GLUCARDEG-PWY	14409.474400671099	16534.293633740737	13796.407876638723	19973.00677778125	16423.73924425391	7984.050423031989	8238.246445554401	7043.53773563831	8197.793749676202	4999.403101315151
GLUCARGALACTSUPER-PWY	14083.478379438646	16171.574786136069	13467.124383120836	19726.771703541315	16109.531427616974	3883.373860019262	2396.087401886779	4389.970806865669	3591.404236320528	2335.2937371506628
GLUCONEO-PWY	53412.430954165444	45518.02274281972	52558.0263305629	47831.4346256758	51468.33759902423	76905.71993119444	73487.11604181273	70821.88500766583	67276.15860335191	56591.72531490072
GLUCOSE1PMETAB-PWY	20758.981804690997	21295.824062898482	21795.134089049356	25212.188683818666	23027.456220398624	20625.9000469959	14295.337076835065	35050.44736907578	25620.85346587286	32182.412254857656
GLUCUROCAT-PWY	32854.01368588134	31938.042522493113	27488.37918433752	35648.82750722253	32675.59218924622	24222.345282952352	28171.055996147465	21353.2515973642	21424.3147056566	17598.026327807172
GLUTORN-PWY	33845.90993943014	30931.93274649579	33467.7967220072	31481.72464478557	31300.91252557625	47578.16319000939	47681.87390781179	57368.8142537773	48442.71796285551	48199.75350458153
GLYCOCAT-PWY	46740.443525764895	37917.32096502999	47004.007478603686	41305.806625105935	42425.74501760671	71228.55241119745	72958.86575051492	66403.55814038076	62644.75743189268	57474.42873026562
GLYCOGENSYNTH-PWY	40143.0944822268	30962.82006448403	38342.0328485952	34879.440062298025	37662.35910294286	63077.740428373116	66440.59376660318	48495.07146152345	44766.62023915279	41209.71489660181
GLYCOL-GLYOXDEG-PWY	13426.153454044945	15499.469816002813	12609.71605682524	18554.278055465416	15855.814786067152	9177.257147969012	9709.235695195739	8056.328618682241	9681.904620725898	5640.640083034251
GLYCOLYSIS	55028.86536794855	47515.033027700556	56363.59840354444	51622.414139814784	57435.25593257894	87451.84394836723	81915.39604333106	75964.61135790615	72953.8741104766	61109.92552763527
GLYCOLYSIS-E-D	36890.58966856393	34192.821452097334	38717.937912816255	37739.40037607542	39149.68572371429	42163.886767835975	41566.242851783776	36841.30098046645	37114.017643574385	27857.73684896822
GLYCOLYSIS-TCA-GLYOX-BYPASS	33530.695949569454	33742.258095209814	34551.38853334293	37106.44598777921	35760.35190709129	32501.30287577763	28801.648315141414	32873.4448289647	31431.884770589444	20104.542440638197
GLYOXYLATE-BYPASS	18530.952585484025	20770.41981284833	20157.835794019287	23380.263903830622	21093.461859089017	18977.574173684294	20921.833098883122	19390.315293402837	21500.83734883001	11986.010702829899
GOLPDLCAT-PWY	14514.030025787903	16179.700941831703	21111.00763286484	20055.90853251667	16416.660087649692	2069.5650223202438	968.3052961244896	2254.1061476267814	1752.0870740123491	1779.250810856422
HCAMHPDEG-PWY	11468.197317778	13308.71311565006	4107.409125048235	16555.373925491414	13120.481408670017	1598.3601899988666	1409.1655959602535	1782.0059699908682	1664.9013214451375	1388.1970616226163
HEME-BIOSYNTHESIS-II	16129.029734376954	17483.155164427317	17388.651980866198	20183.092207897167	18014.89644037444	20652.26715117448	22251.147000528705	14482.81930852928	19992.680641798725	6419.260368662781
HEMESYN2-PWY	28105.45139461723	25647.527215798218	28999.91192285196	27291.814239788993	26751.81910144456	30427.51910327925	28151.450391870658	26776.019716162045	24354.79471190616	17811.208615834123
HEXITOLDEGSUPER-PWY	34061.38529425695	31982.27568043465	31750.890496715576	36808.76813216764	37159.147926613114	28532.320922814833	26174.46497341122	23930.95040829685	22903.782227322215	18045.465494248005
HISDEG-PWY	23479.903372689634	23806.104411340966	27255.114213332654	21723.794428177214	20843.719122676488	29897.164081381998	29902.527102307045	24625.133978144775	29237.48246001071	13896.296752348348
HISTSYN-PWY	34891.828279513196	29761.881614376234	34548.63258945935	30221.427053186104	30694.961322919844	52683.338938640634	52760.9886435053	54875.29600833197	47596.21425888237	47475.40111690939
HOMOSER-METSYN-PWY	35271.10105461804	32409.616437271252	35473.68597034669	35842.92113937207	35656.89843018561	26582.88980569474	21730.37544598741	25827.316217253087	22445.44393405929	16773.3924136896
HSERMETANA-PWY	35605.35580806932	29951.347764936763	35923.2599765131	26860.524190571523	30570.955155483258	28180.132241848944	22712.18547474643	39919.91344052201	24910.446046833844	33823.84317586002
ILEUSYN-PWY	48268.34666204425	40528.44382741513	48387.77207502997	41045.38631604161	42412.35504074547	77164.7982327165	80207.14069740835	74860.28460920144	69914.60288529971	61826.645388986304
KDO-NAGLIPASYN-PWY	24705.366411211162	24362.802129773354	27017.847193298345	23452.318176207355	22804.676722242835	24881.691693814326	25739.110188000213	23830.437142388688	26498.13774886861	19922.728088429365
KETOGLUCONMET-PWY	0.0	0.0	42.4103273792167	0.0	388.43399409980805	7.997907387510635	0.0	1.4999267866497896	2.9997356233443413	0.0
LACTOSECAT-PWY	4146.624765615634	5100.201759542551	5349.903865087665	6009.352755670508	8863.649352581286	18007.062486167113	9898.428447594355	10500.902004240308	7452.742556402427	6840.380635867207
LEU-DEG2-PWY	751.7626382399263	1064.421346628433	2382.947775327237	1213.2538513593247	1700.655975802886	1785.3692970882075	174.06893442867357	3677.564339000598	1007.4733548806271	473.392730515438
LIPASYN-PWY	0.0	0.0	0.0	0.7245670730466821	0.0	0.0	0.0	0.0	0.0	0.0
LPSSYN-PWY	277.63899751737347	421.6515800626796	516.3322297247885	215.21929445266008	1018.9040977769844	3802.0369909685483	4996.090763855853	3198.897653282126	4720.636575160415	2490.039544922685
MET-SAM-PWY	44074.46385816049	38459.75220455766	43756.749543069534	41260.851913367755	42860.83079561809	36663.78748113708	30265.006519326187	35527.43209533678	30824.014120334625	23666.590805984037
METH-ACETATE-PWY	1055.9131242849335	111.21941813739257	955.7141922660848	50.33327247002338	742.984461872329	140.82791042172983	220.51443004808493	151.47701571880256	81.0706823307615	199.60150706531272
METHGLYUT-PWY	957.0987933065976	1137.1775469806687	2093.893512463794	866.7405209114212	1392.9591993831398	6940.2009970795525	8098.651899521162	7098.782178597318	8001.005615343058	4358.294940235871
METHYLGALLATE-DEGRADATION-PWY	6218.518796728657	7126.265318273516	3627.7268270315417	8774.011421427487	6976.687769242197	447.5210627972834	144.71917970603707	647.2774594108403	365.38933367275376	480.9286675332741
NAD-BIOSYNTHESIS-II	18406.7061298047	19615.165845197822	18267.560857975965	23206.45505496319	19892.985539629186	10258.128155346778	12785.542323854328	11643.326597997715	11441.39776878765	7106.273640559604
NADSYN-PWY	63.06591594625195	0.0	85.44582597399062	0.0	0.0	7.976671482779249	0.0	0.0	7.963564842637298	0.0
NAGLIPASYN-PWY	29947.78625737236	27597.152090592044	33079.31531600436	24446.54123776948	24899.729521725556	44146.09686772568	42004.249866143284	48821.24764184063	46765.292243083386	39658.799110629814
NONMEVIPP-PWY	41521.90679431097	32037.63029464774	41357.43990143929	32081.825445356342	33064.31859943745	61379.02958190845	65122.7773327918	61057.74849312338	57540.41692416227	51714.088801675556
NONOXIPENT-PWY	78678.11538706654	73397.87445929775	67278.17569050963	83824.9627997153	75080.29088427413	92832.06766301197	93035.95864938042	75006.73708107114	72877.5431865277	61003.426230620134
OANTIGEN-PWY	32500.14332054012	25126.288096263666	35645.880849957975	25313.77592414282	31939.098734188075	50250.00409201481	46667.033194896816	38149.16284874397	33564.43032813995	32869.6275849551
ORNARGDEG-PWY	15825.958263096401	17380.304836032778	11328.829040132525	20553.915992868177	18060.659068809036	9651.613028464175	10248.567841092528	9437.125929132748	10070.274871727155	6308.378170022165
ORNDEG-PWY	15355.52025217875	16355.362580975636	16653.337175349647	19788.531282878303	17960.693233889262	9108.349159910753	9936.114172098683	9567.610902341934	9459.918760360533	6003.633501714543
P101-PWY	102.25943422003361	19.142190244759963	197.43020201214276	13.82156534606511	104.97783047670845	39.25356524454325	17.269065217666743	42.35055223359469	18.847402264621746	7.486911683263882
P105-PWY	36377.4622262981	36372.211709680465	38077.206998316484	37859.46653733111	37039.57550944553	36720.89305123909	33428.595493889	39522.682780704265	35242.7211624143	23570.604891042774
P108-PWY	23485.337322828796	20147.367897921536	26591.0306482928	11908.763739374182	18486.080746423493	54500.89213374052	54595.98309405661	61161.68828292312	58792.707198020165	47863.492222260444
P122-PWY	11940.119839153915	11469.225968411263	13440.835056729456	14752.709270169376	23727.306151170316	37599.0787160855	25616.644308416	22790.436501061668	18208.90256089191	16982.677515344723
P124-PWY	13805.307587878446	12798.123512226264	15796.428169710221	16196.700098072039	26519.768445512334	44823.905362707956	29974.624584291356	27125.04007282272	20984.85701686079	21399.595649172566
P125-PWY	289.97268027248384	376.4678083736889	883.6989597476238	567.2440840152598	1328.9404244813832	1459.4117697517006	182.34955373839298	2812.4176907120395	619.1070813690169	146.43657195052407
P161-PWY	56324.722539025555	50869.129848111465	39416.20100370609	58766.20033447616	69721.25179036942	49850.12551404925	38126.841339247105	34239.008136747536	29040.018857048122	27915.080512145054
P162-PWY	1724.8933685768977	1228.8002174619987	2601.4406339979596	1585.5780560277278	1687.4109987232368	3195.499350222503	328.40284204121957	2167.5145826116072	1348.957893672625	303.02560397065
P163-PWY	6395.5676395948285	882.0863064215242	6851.545868855088	1206.3451819801212	1501.8028674499653	4257.15110227128	3112.1207052618524	5749.6275719202	1211.627044460934	2541.840915843644
P164-PWY	13806.19867827608	8255.202242174282	9056.834244005913	10302.195684996655	10542.920740310747	15198.784280890877	13981.136848965129	12618.656283880426	9570.544903734339	8466.996998204902
P184-PWY	87.99447199438247	27.118855921800066	136.53844195525826	31.716063375436654	69.62519090886317	61.616783407334346	25.996389651446187	51.1689923203614	21.63333536465747	6.945998367187468
P221-PWY	396.58935345892957	884.5812769181706	2238.6157218053504	1174.8275188573682	1758.8434149985942	1557.9662425113465	5.999323412135593	4114.732031153431	1046.4991500253504	0.0
P23-PWY	37105.60361217472	36338.294642577595	41589.45110997111	35509.88358242107	37243.93037372398	44229.60999775026	35864.43008310943	40949.69965757187	38571.784793527804	25888.070167849302
P241-PWY	0.0	0.0	0.0	0.0	0.0	0.0	0.0	36.39855324299359	0.0	0.0
P261-PWY	0.0	0.0	0.0	0.0	0.0	10.74486615723887	0.0	0.0	0.0	0.0
P281-PWY	12664.348771015995	13673.046489257385	2848.4235609523416	16578.397489363517	13034.538514838781	976.3810592954416	358.501784286016	1127.7057979162996	800.5294880515773	1075.6294352501561
P341-PWY	632.3173133282856	59.95756722225741	240.69812457323883	445.31475870701524	250.6099226866046	657.0466694446186	2518.6990624186483	1379.1747215426963	898.4897216104524	680.6193157858307
P381-PWY	411.29668508886476	3266.741058167767	5237.219678745127	4103.714090365794	4454.687332859722	4498.1114577144035	0.0	4482.8256433440565	3057.2164759127213	0.0
P4-PWY	36664.735141967314	32294.437350563483	35765.99334458289	35402.31558064195	35759.54600062651	41097.02494609268	37326.179028674	36885.04101590344	33485.07150348167	28174.587852860364
P42-PWY	52386.43765533748	46309.79398604588	55164.62026661296	39276.6504423674	43677.874753727265	84045.24990802273	79653.51344510014	80863.89806673786	79683.25849480488	64016.13151325598
P441-PWY	44145.52611407409	40857.67887545597	41518.794124074426	45669.177465338646	47954.343034459765	52911.63513053129	49507.633173828486	44858.46820602978	41861.20776613212	35723.50008676205
P461-PWY	38114.25779467028	35307.039043906	31699.705587098088	41338.639811963876	37029.054432780526	24726.475941710316	17769.33920556704	19175.818927634686	15097.512286704234	13942.343556581502
P562-PWY	16340.35824465366	16972.49329492639	14969.393503739408	21161.547755389187	17006.686543982436	2119.7655777819327	694.1412426599661	2726.1713587971253	1519.0076013989378	1255.7891302900614
P621-PWY	0.0	0.0	7.899266534453993	0.0	0.0	0.0	0.0	0.0	0.0	0.0
PANTO-PWY	40094.92160889244	34383.36269661759	40718.20230954459	33955.32622335698	35018.94642284142	56027.068310793	53788.95063263596	57123.94696084367	54190.993825651116	46154.01601903524
PANTOSYN-PWY	39977.19123926476	33600.23199332546	41445.22765650552	33633.939358200994	36284.05526226506	61298.46485087106	57908.77013076819	61215.20952827116	57011.82142418032	49843.42415980845
PENTOSE-P-PWY	35108.31310928956	37435.74859554274	38480.55317461555	40616.49533495512	45394.06266772556	60550.94447792835	58750.89891059079	46954.22915298638	52234.387101832996	29800.31069219694
PEPTIDOGLYCANSYN-PWY	45765.74144276753	36403.9221011841	46853.973270333714	38312.80489538296	44289.9154227593	76082.4470946938	72462.05415281962	62981.87535208932	60719.669251771	49681.97168298977
PHOSLIPSYN-PWY	49200.845418574514	41996.251312702676	48654.73455356125	45410.66415009884	48562.082987631016	75608.83403125968	69053.18792161648	70911.17933292149	63663.691709161365	58665.626956811
POLYAMINSYN3-PWY	5489.7422492086	5024.867081501022	7296.970128639773	6255.871215099387	7094.992109044669	11471.144964071447	6469.585417893626	9336.432209809363	9960.029832052118	8115.055386286458
POLYAMSYN-PWY	19326.175419460906	19302.611795421344	17729.537220857444	23199.48108653372	20501.57761122354	13733.831869269448	15047.395993582426	10935.435981091956	12252.178799529638	9387.256988577408
POLYISOPRENSYN-PWY	38374.01199659807	32202.95727702127	40539.84458479983	31940.190234809263	36176.335448820966	62302.09706800598	58982.26392109856	60752.73140149471	56729.37661927559	49274.087737919785
PPGPPMET-PWY	25419.454196059654	25440.911322783526	15332.517234943614	30922.5244152725	28254.96207489524	16493.576755205246	15984.704484519176	16903.494735181044	16254.005802829231	10858.82831787486
PROTOCATECHUATE-ORTHO-CLEAVAGE-PWY	17632.916476834213	20514.522440128218	8736.854378578199	25540.50082997081	20688.38764895156	3004.651590977053	445.5412590348457	6918.110111510913	2202.7671520601057	1405.8151418222408
PRPP-PWY	39969.312763358816	35185.304774195814	41096.18860109237	36088.30185955015	39581.55383523183	60651.2798653446	53883.652371183976	58553.17453762002	52489.37582869107	47203.74169803129
PWY-1269	29462.06329906509	29245.498321431984	32077.424711748845	26749.11926573419	26523.827261001217	43638.91813768421	42452.01629805864	47455.775633452235	47414.43663390845	39213.717868225205
PWY-1361	0.0	0.0	5.998564802756775	0.0	0.0	0.0	0.0	0.0	0.0	0.0
PWY-1541	22.2569924455868	76.15054387238958	140.96856659468122	93.16032453555636	139.58417756121244	93.33619270441429	84.50947820663507	97.01538700362576	45.453780797052076	29.80568918899969
PWY-1622	0.0	27.497537847483134	28.71497404772963	0.0	28.392966606329598	36.862857899741	0.0	0.0	0.0	0.0
PWY-181	92.89065646516171	491.9620528366475	1023.3086343057057	534.5708416107065	775.7142433458192	737.5474310619953	299.88348596984304	969.5910220387581	681.8658783733748	114.32063605706432
PWY-1861	16826.30423123833	1402.0023407390256	13972.81710220967	2778.427246169262	3447.0685004034003	6889.584574396617	5927.243509136352	5113.029254783411	4754.347963553239	2547.4852562419846
PWY-1882	0.0	1.2918532238757727	9.790984599814818	0.0	0.0	0.0	0.0	0.0	0.0	0.0
PWY-2941	10186.368187138818	11464.595255989947	11985.056643609489	11583.861170188165	21946.00501490742	34727.47743483967	24696.63652554145	24141.818598948183	18121.202931716496	17813.954582205966
PWY-2942	52557.6176773078	44586.690619632485	50418.93877158028	45991.71536710687	49930.848469744065	78975.86532003715	77988.33107619824	72823.1662846479	67542.20643331461	60864.9672806946
PWY-3001	47753.84680223782	40840.89527754581	47443.920465422496	41092.80071509011	43140.94674508673	74985.7662548575	77179.85794552315	67835.14001613963	67528.4060274946	54872.838251034875
PWY-3661	0.0	0.0	9.993120014655211	0.0	0.0	0.0	0.0	14.982423943593083	0.0	0.0
PWY-3781	2110.949716087361	6954.766994446152	13568.418254299699	7836.265861125563	9138.381151824919	11942.153143791114	967.7895140876607	11735.50464090971	7820.009112653957	1832.3906253547523
PWY-4984	2464.933215747021	1672.5575650202532	3915.6693726140734	1714.38020428477	5282.271167429981	4802.32602231589	1176.2779051394475	3483.091921382198	2413.11383674625	918.0309304059755
PWY-5005	610.995324364219	36.380937429342126	528.533454148458	7.1988789173816485	289.2788633353601	21.594221600410695	124.40360401983837	103.87158835243916	29.581397848317373	76.90650630818047
PWY-5022	7556.033117033038	3112.805844308842	10760.891220057329	4192.649431260793	4635.667976052965	8366.781340479265	5248.5783799457595	7250.847076835562	3904.5536655597916	3401.8077337563545
PWY-5028	218.81335707028083	1019.9458224233967	1954.0181617388866	1293.7530732659693	1931.7684118217787	1691.2978561985549	54.94103206664772	1717.0526048986649	1157.5323425278696	13.117823653620984
PWY-5088	347.2267975944243	0.0	261.6651210732865	0.0	94.18111548977475	114.16154519069451	56.12811281002061	107.5175527079618	22.48055507830746	0.0
PWY-5097	49816.07708833062	41283.1001935731	48364.39206708951	43446.37613056096	47149.55232907786	71505.11880391085	68350.65023834346	68517.61269520257	57522.93991870816	58887.108375082535
PWY-5100	49638.18756803524	40476.50775597714	48082.80808838506	41973.85557239571	51419.71583020859	80572.15671583352	79568.55581010047	66133.4830148694	62759.27081766759	52084.97271262796
PWY-5101	52498.571311542546	43766.50106079804	52521.55181396267	43969.12753259186	45344.82116686291	83043.99780665807	86687.64628477213	80877.30607657773	76020.89890199862	66793.21409572026
PWY-5103	43825.90902724473	37177.422481899936	44176.36374278938	39213.58111090675	38512.21050320277	70047.91244278765	73128.6002394566	68862.93736492115	65571.98872280294	56647.072881296495
PWY-5104	49704.427507169974	40456.98866429897	48784.566896271404	40230.89064146154	41289.565402843924	78044.45301363865	81924.74243416058	75007.53591710799	70105.85839264705	62705.93109930489
PWY-5121	37469.494074079856	28655.434564339037	38341.15149245476	30556.199248498528	32656.465770912706	63149.16038595319	64384.52236254537	61341.02586919551	56987.212538719265	51346.32184559724
PWY-5154	40310.963902979965	35089.939397496215	37566.30660599285	34675.190219004435	34891.91975467078	51099.384973747576	51860.2149923674	42960.63066764795	48555.378907843464	29378.916776503127
PWY-5177	4106.459547455972	1746.6903950283643	2834.603985970026	2060.1492255437934	1992.3973799081064	4861.853649177196	3957.904275555974	2487.8253987157323	1610.7062606305476	3824.064279221975
PWY-5178	323.95131527982164	273.38613269873326	521.7403224049542	704.1268826371994	4523.192819005062	963.250571071996	380.81862759434443	974.9359360339431	356.6875076336481	359.88604120401834
PWY-5180	14711.37784471383	16396.869894359257	5793.533373995267	20515.592295919192	16566.232052190197	4495.8681026471	2147.563566227913	2983.421612458546	2402.823120117143	2183.477109966371
PWY-5181	15141.555805139833	17713.883066023962	7718.290613449761	22062.406630585865	17747.831061937708	2205.1291146207154	415.9950224559779	4681.258057400828	1684.7868312417825	1246.6772306723137
PWY-5182	14711.37784471383	16396.869894359257	5793.533373995267	20515.592295919192	16566.232052190197	4495.8681026471	2147.563566227913	2983.421612458546	2402.823120117143	2183.477109966371
PWY-5183	11.749474218800607	55.100039908210576	440.37764226517544	422.2609561271079	2047.6699680742602	563.7364316674353	0.0	703.354280227645	363.9171249803003	0.0
PWY-5188	28296.643360856717	23274.298607887747	27750.23218547605	25834.95910833269	23790.499137784962	29783.434731794216	30257.853131246047	40811.54766632414	31807.87358963875	35713.081126965786
PWY-5189	27307.67789191507	22456.30320766689	26730.426277106984	25207.313683371543	22931.033891532003	27897.766164027056	28543.403387376653	39176.638147104444	30156.56368911381	34366.455573474115
PWY-5265	831.8713048329238	2561.9233894472395	3714.7070506151977	4492.991891276879	5379.180616394131	9935.255611715096	813.236584530187	5768.690878852151	4766.637596569957	431.6166963075049
PWY-5304	677.0	1112.25	464.75000000000006	402.5	1531.7499999999998	2648.5	1447.29	897.5	593.75	2503.0
PWY-5345	29050.53804703361	29573.36252620982	30575.669274403117	32058.93800408801	30531.36408184415	32821.03301345621	22604.739392385734	47311.87026390558	32645.434637981387	41538.186213213434
PWY-5347	44598.66906925299	40203.07250208379	44305.31073829648	42714.46006825221	43737.40203234853	43758.690344263996	37769.05261675417	41534.07691576124	37441.3648551396	28954.085854952395
PWY-5384	23862.09129608867	26411.92749809143	23444.9741391324	32641.50005289466	27470.87287584845	21101.241299572892	14747.458200347257	36585.965552569236	26600.66198062083	34123.28686602426
PWY-5392	0.0	0.0	0.0	0.0	0.0	0.0	6.997150416122515	0.0	0.0	0.0
PWY-5415	247.38659435721266	1789.7857557419181	2103.3392549024934	2339.3760938661876	3854.3375713981814	2759.959831786597	1890.9766920083575	2493.4595844820487	2165.973329194487	984.2999580662453
PWY-5417	12738.474397881111	14882.5213498146	6263.848130675421	18556.558551632323	15057.31908353368	1634.0080571737478	342.929497779361	3796.703688942127	1254.5698528871862	1027.7950475488626
PWY-5419	8.74337197563852	128.15077799955375	266.2740326162134	113.21224824182397	166.31210591989102	184.42937638963835	0.0	228.8972302387811	136.02674573322787	9.948211913697573
PWY-5420	15.294707802471173	223.05644754863224	452.24386431449176	197.36932324756677	289.05530695741146	309.72501299449226	0.0	379.3320399576271	229.66185704835644	17.361262640163254
PWY-5430	6.2710269313559905	209.11719990928262	426.45683345788336	189.74930988828905	363.0565202842082	281.5563823624205	0.0	355.66213745304606	208.7203551045661	8.299342183282088
PWY-5431	12738.474397881111	14882.5213498146	6263.848130675421	18556.558551632323	15057.31908353368	1634.0080571737478	342.929497779361	3796.703688942127	1254.5698528871862	1027.7950475488626
PWY-5484	52786.43505927621	47054.21700459951	53212.962628999725	51123.509901768775	58257.47980048809	87582.12706070284	79794.4562298465	75319.63632391553	72349.28820485208	59982.5237102302
PWY-5505	25859.587892950647	26536.786961999467	14749.846666639514	30154.1340979596	27299.401690145474	35454.944434229765	37896.884104436365	49884.14916233139	35959.18257477729	45958.82405076838
PWY-5507	1174.4400870991365	5995.1652336958	7589.741976931901	7409.066843126268	7779.380332410747	4537.766070822903	224.3541432227694	4950.592704866617	3319.8866598348795	128.3611142613119
PWY-5509	28666.458698657167	23307.432211284835	21996.196720177653	26372.587156838574	23685.548931807414	41029.71801867656	45065.47568071578	36141.08154281212	39988.48447966798	27698.13533388897
PWY-5529	0.0	10.028952276134959	10.48476059186406	0.0	10.219144804582196	8.868220474746229	0.0	0.0	0.0	0.0
PWY-5531	0.0	8.971546829097402	8.986469837178257	0.0	8.9751488233558	11.968747302800933	0.0	0.0	0.0	0.0
PWY-5532	113.56101960822257	41.59702930910036	139.61329908417838	47.34158266216494	47.99546119843599	89.86828708115733	21.382535624541752	146.9451002338961	71.38062833011328	10.79003222605927
PWY-5647	3.9635881652470815	0.0	17.730317615661942	0.0	0.0	0.0	0.0	0.0	3.269831083112787	0.0
PWY-5651	39.445186416164795	0.0	53.45556609930526	0.0	0.0	4.98569348996473	0.0	0.0	4.977519281227604	0.0
PWY-5654	3.3089254561742663	0.0	16.909865839563054	0.0	0.27953043219005186	0.0	0.0	0.0	3.8867744610786077	0.0
PWY-5655	8.983413853191365	0.0	36.304209180575086	0.0	0.0	0.0	0.0	0.0	5.897614350128038	0.0
PWY-5659	42321.66822471122	38196.54992488144	46302.875183713964	39200.2103209998	40075.2368119004	63375.345390059556	53617.5199131163	62569.79203037841	55861.397073084365	51137.34899389906
PWY-5667	53456.0231672765	42829.199241890674	54154.347322180576	44258.15496900221	49887.831739213296	86071.98656127058	82284.9854815937	79522.45065180362	71709.00751261	66742.5542250082
PWY-5676	13043.341494716013	5338.217217563722	13240.879448431862	9042.635842421123	9300.085799765744	16975.07204651031	13869.82958197601	13691.37829661997	5709.67605549574	11279.723868977633
PWY-5677	3182.184644218148	634.1733836581776	4198.25771374164	501.42980585198194	741.0568038177173	1779.520118739418	415.8205717897224	3432.6148604147547	1171.4858924056816	585.5548458788342
PWY-5686	49778.70879332568	40879.278916630465	50999.2720948723	43828.20648564306	49653.151068813866	84591.0508749839	78412.01672134425	78786.8448228333	70808.6485734988	64352.411013138815
PWY-5695	50918.82450580666	43082.82615491038	47858.38159371065	45497.73284533133	48574.317179605954	72343.43993957383	72780.53482579255	55384.366019155044	59205.06786014553	42608.8852626319
PWY-5705	15837.699522090568	18365.666705544685	4563.941215836601	22739.93397807831	18071.68164166876	3097.798495001537	3560.6063067053797	4536.150849609543	3217.101491689579	2914.1113757599965
PWY-5741	9.920844910586405	12.34000351197689	29.41325099289089	0.0	20.7753634308057	15.912431144338596	13.378172728464433	5.990602269458965	0.0	14.990329663679178
PWY-5747	396.43277477267884	863.983511311315	2084.3464335626377	977.1046150196837	1517.5670533088662	2244.8574175461827	1380.2665712570374	3721.4964207129774	2115.437795164621	674.3538549909101
PWY-5823	0.0	0.0	2.8781801883847367	0.0	1.23935016081476	0.0	0.0	0.0	0.0	0.0
PWY-5837	19627.772461081655	20424.39559561359	20103.903331038196	22739.43124529057	20757.964138364492	21755.71789150774	15796.386331388761	32504.56058496953	24560.171916839165	29335.16336914155
PWY-5838	27370.613648529605	26376.773133633906	29457.377783600812	26782.78215059839	27772.789873979807	38490.79485495545	30259.55416515631	45568.205952554184	39061.50522834221	38037.67051863202
PWY-5840	26367.996372099733	25311.775911101828	27722.47827172704	26342.1591795475	27283.321755411893	38128.14305532453	29915.421202312675	42638.350000670616	36556.15299949331	35455.28394294434
PWY-5845	26145.450667417168	25311.775911101828	27722.47827172704	26342.1591795475	26790.670351246557	28579.04182048075	25632.27827957704	28660.483129104472	28896.603699983993	24759.304199191894
PWY-5850	26145.450667417168	25311.775911101828	27722.47827172704	26342.1591795475	26790.670351246557	28579.04182048075	25632.27827957704	28660.483129104472	28896.603699983993	24759.304199191894
PWY-5855	19297.37795844361	20589.718295965864	20984.697918483642	24906.14955849603	21939.276663629786	12728.302020535244	11231.60988160856	14233.77090236563	13084.393628887678	9537.253471788827
PWY-5856	19297.37795844361	20589.718295965864	20984.697918483642	24906.14955849603	21939.276663629786	12728.302020535244	11231.60988160856	14233.77090236563	13084.393628887678	9537.253471788827
PWY-5857	19297.37795844361	20589.718295965864	20984.697918483642	24906.14955849603	21939.276663629786	12728.302020535244	11231.60988160856	14233.77090236563	13084.393628887678	9537.253471788827
PWY-5860	24022.743529616175	24053.383891884834	24829.171084342983	25585.667697973877	25357.783200124493	23497.160631723495	21193.8338318724	23480.91865381108	23976.494599724232	20797.017872707227
PWY-5861	25602.187161943937	25522.28008861607	26962.521373244672	26213.988138842233	26698.219232564585	34432.089130661596	26154.258451114554	43161.88580997367	35461.90073598257	37126.24622761973
PWY-5862	24022.743529616175	24053.383891884834	24829.171084342983	25585.667697973877	25357.783200124493	23497.160631723495	21193.8338318724	23480.91865381108	23976.494599724232	20797.017872707227
PWY-5863	20202.240689432507	20096.60242343106	20798.342539792455	21930.088275725422	21283.733785400986	23719.880847696404	17376.929231394373	34363.67299456364	26275.274258128364	30797.048190807705
PWY-5896	26145.450667417168	25311.775911101828	27722.47827172704	26342.1591795475	26790.670351246557	28579.04182048075	25632.27827957704	28660.483129104472	28896.603699983993	24759.304199191894
PWY-5897	26881.67120527585	26052.027244767556	28815.56513247087	26722.986171751814	27568.472780055337	37165.65583144178	28848.92866127	44752.91210877676	37894.925935479	37575.83814590063
PWY-5898	26881.67120527585	26052.027244767556	28815.56513247087	26722.986171751814	27568.472780055337	37165.65583144178	28848.92866127	44752.91210877676	37894.925935479	37575.83814590063
PWY-5899	26881.67120527585	26052.027244767556	28815.56513247087	26722.986171751814	27568.472780055337	37165.65583144178	28848.92866127	44752.91210877676	37894.925935479	37575.83814590063
PWY-5910	6564.867885125661	6785.223394296715	8568.92272741311	9157.065763954482	16486.37730882954	24152.774394049804	13791.090735888301	14330.224575582291	10565.129344787361	9308.821532782405
PWY-5913	33812.52926538114	32580.05994947453	38017.77997716765	33182.23034557351	33296.36872639946	62632.461288693325	61590.151585353764	62031.859794403215	61136.107355518354	49426.07947243395
PWY-5918	21700.989988355373	20490.20869917387	22334.379661769362	23123.98237625855	20980.330196451414	25085.02208329413	26330.94145372507	23567.57947507842	25639.26439441434	12627.098651158725
PWY-5920	10292.515322520469	9272.251533497467	13704.298505179657	5158.763830393793	7287.409445369956	15180.014429241219	15444.249506819866	15664.548954242511	16030.640616818746	7727.790238605775
PWY-5941	59.94117304919449	63.91698693928344	97.84325839712962	2.4798857073593514	51.95041733804922	0.9999890267811254	0.0	51.96836013133244	59.95586374193878	0.0
PWY-5971	37203.33165657409	37041.99050617494	45697.02729788272	42391.28215927179	41456.215614133114	32070.96478599315	26755.696142949055	34846.744250105265	28382.706284996446	20591.676653106377
PWY-5973	62335.43491482468	56559.25523343387	60956.64889798148	58948.10753470118	61218.12893094987	89165.91682754074	87867.3460984975	83006.80972367068	78658.1860252307	66432.3710792629
PWY-5989	30753.234568769847	31198.00523996866	41584.55792743542	34402.940761676844	32914.66138149742	23121.21736696762	19063.876687067303	25844.315842242355	20765.037912689528	14620.944686198078
PWY-6071	14903.710551595543	17092.225582039206	14867.361779394527	20648.42419090235	16999.948894991074	2603.831131648798	1905.46844372488	4229.012454701978	2596.5198374206734	1968.5953720059586
PWY-6121	47563.666813892465	39384.512116384336	48455.584353269216	38839.199025486436	44714.95965159147	80243.44052900274	77649.67681408956	77035.85080678976	68258.8231409771	63099.43560785278
PWY-6122	45322.30145898855	37091.54043563196	46006.28664291054	36242.165011232966	42361.12980095755	79049.47459156465	76655.55299122783	75808.90089876755	67179.01405678061	62664.3548617759
PWY-6123	43619.03894988627	35664.10443994278	44605.17992071521	34659.845753076595	39207.383366073474	72910.70298109337	70176.42207415978	68302.70960760294	62006.20967920964	56810.96337217066
PWY-6125	42524.50628068148	38890.99608831683	43709.528891561844	38816.53635894268	43455.133561760806	71597.57991377675	65461.84419186687	66558.92011656493	61851.81876381969	53840.28067203052
PWY-6126	52013.45544979304	41784.3945245423	53802.1481657639	44277.314998755086	50480.409248534925	86009.42903556583	80482.83792561549	77042.12880976763	70706.94334002749	62996.56543175506
PWY-6143	25.782621677094106	28.743112649976386	0.0	7.4418677371067075	8.922252542412917	37.77580182761414	0.0	0.0	0.0	25.36529728513639
PWY-6147	37211.7646926064	30711.004992981714	40064.458692571876	29062.43194511755	30336.530021843995	51106.4499480718	57449.97393016571	46556.0122373705	51853.95378004881	33069.66505981948
PWY-6151	40373.92962992896	33318.833232626544	40459.1628189154	37561.636719438924	40260.4494122251	48433.89079268739	40660.341719202304	36785.60512967626	28965.909515144092	29020.39425979234
PWY-6163	49062.943969754844	39955.90557958893	47099.8176218099	41610.51285453871	41395.63693493151	65072.78749990718	67549.56875097257	64356.50798811347	60461.37730805946	52842.98288692195
PWY-6182	12559.346334190848	14676.929425145416	6020.704017048463	18300.309447051524	14808.470918321973	1587.0378881714796	328.94911628202556	3640.311624566656	1211.9749052144116	1003.5886570203553
PWY-6185	12997.977514469809	15180.21828406388	6634.797572163483	18925.849718707796	15252.462460245684	1704.283551505559	365.58799301827395	3934.4317621712744	1317.7657453405532	1065.2979447013258
PWY-621	59268.87446836965	56596.6025063289	43415.72517355419	69986.37386103335	69013.131104094	63101.560747334	61492.55951665265	48506.62673416193	42975.90777279141	40926.57452291482
PWY-6210	2.085950334515845	0.0	16.909865839563054	0.0	0.0	0.0	0.0	0.0	3.8867744610786077	0.0
PWY-6263	1797.6949785222266	2581.2899593729226	2942.7405545636484	1977.3731195731793	2668.347142096437	4323.002778958505	3026.169258481555	3764.817662091703	3484.3072958090042	2461.2829721190033
PWY-6269	28861.988482452718	23500.09749419342	22207.285269491622	26536.007289739548	23858.905544394394	41745.05376984567	45389.59467670936	38259.55417454787	41087.56165843031	29229.52730192548
PWY-6277	45322.30145898855	37091.54043563196	46006.28664291054	36242.165011232966	42361.12980095755	79049.47459156465	76655.55299122783	75808.90089876755	67179.01405678061	62664.3548617759
PWY-6282	31042.865666402344	31764.652958586583	41457.43279569772	37150.37344927357	34465.633737685945	23175.400619294018	19065.62747450272	26069.555506936293	20792.280082381614	14752.505623991163
PWY-6317	37929.86516725716	31866.420875186956	37934.6107479304	36245.18671698038	41551.42586343984	62441.3730949343	57717.043828462454	48277.981920284234	43385.93111414735	40646.45414152063
PWY-6338	55.50015052585813	12.364533544491431	116.25968306641084	15.100058881522164	48.25047345821615	33.784665960122815	22.211286211770073	19.296666540321777	6.7755408156649946	0.0
PWY-6339	9721.094338638804	11085.507100229757	6283.823824464017	13629.990420191853	10876.083705493607	733.7559607712238	231.38295122422983	1097.6788336245036	596.4856175782332	768.3852002208628
PWY-6353	17630.960713050303	15837.435855612435	19817.201697498465	20267.73706419635	21108.654646299845	35274.52408582274	27883.755839404945	24937.254768924926	22247.14166703614	17977.041625564103
PWY-6383	4.659547725015392	0.0	0.0	0.0	5.999435884582962	17.99545864498785	0.0	57.59451928198082	2.9998007641865545	0.0
PWY-6385	45634.801333894386	36289.17080187333	46721.846230282725	38259.246285075904	44166.265555991304	75474.05032171612	72279.94194230114	60913.70832556306	59693.09388223201	47493.9079419565
PWY-6386	45649.017559695596	36093.153576359764	46650.90913270621	38016.727047852735	43691.04970677316	74650.9554616142	72491.57214802738	58401.37246292913	58466.09039745124	44966.983950275935
PWY-6387	46449.367568487556	36900.60721430421	47504.15707783768	38962.88175254485	45078.52317192543	76669.55935724196	73281.68990814408	62059.73352137159	60532.47475953253	48565.16833051647
PWY-6396	750.4037259606233	970.9349630340712	2166.9697202011407	1451.7226882110463	3227.5056790042768	3312.273032793333	468.65826850611523	5347.281553099746	1441.179307392002	376.37157586888605
PWY-6397	2.4312964436383644	0.0	0.0	0.0	0.0	0.0	0.0	17.687273569883963	1.6363599509119606	0.0
PWY-6467	27085.239999999998	26672.959999999995	29682.729999999996	23931.779999999995	24089.739999999998	42172.80999999999	40850.1	45898.38	45848.44	38181.12
PWY-6470	937.4378051367837	3720.5921782498694	4757.691812748725	4791.320787697694	8329.128334949697	17244.338875015637	9766.99354102211	10800.623281265722	8383.397261112339	4144.198264443407
PWY-6471	23714.844607349783	18729.22968089816	24061.31551100533	23902.681162326146	32157.400068271818	48381.537564054925	38696.93628318307	33825.60899223803	27391.901236995764	26638.696467616446
PWY-6478	3889.786886996506	1031.6951039379699	2582.145961677794	1939.6628272813227	3979.0218700597184	8589.217430507924	5854.352699244559	2947.740488123234	2173.824664026192	3385.957599091592
PWY-6505	5.193963407504066	0.0	30.287981907524863	0.0	0.0	0.0	0.0	0.0	5.897614350128038	0.0
PWY-6507	12050.233160122883	11047.640171644409	20499.93311507413	7384.851951235243	12763.852349697383	27366.689425621476	22181.843039822023	20460.4903649337	14349.701910038037	18927.41484446178
PWY-6519	31274.185267284854	31185.53624230392	38219.59142920433	33972.56409931846	33166.402509918626	27687.683633635195	22593.676568479623	29971.982991100147	23108.296745110965	18317.84208297555
PWY-6545	7928.647510097001	4389.305375848069	6376.5995416297765	4307.168161376311	6822.375147687919	11109.020665474334	9301.984829191713	6823.973370336183	4502.917440987574	8033.8430332961525
PWY-6562	14126.17318090918	13270.012237729745	15087.73064038695	9342.459255521779	12833.795714907668	1948.1392191626094	511.80091331215874	5931.097114141414	1623.006252010683	1718.7998893049828
PWY-6565	0.0	148.24988033599323	304.1866530856485	201.0086587891146	168.29076056446837	209.76113169593293	0.0	200.63947795582055	198.44439543129212	0.0
PWY-6572	2548.4525209046624	3052.6272315955807	1671.3484066291678	703.25303899649	3962.386650262606	7898.202966328058	4691.716777237755	3063.721704528488	1897.8931425634316	6302.980496910924
PWY-6588	18131.15425776235	4732.116424188987	15614.596627690787	6158.2243534917625	6996.41762431527	17686.713008285853	14398.404605716743	15873.885596841992	6984.722283356106	11772.191839308816
PWY-6590	15639.799967366514	7991.845775849186	15406.09223183409	8262.32636257375	9608.474664878198	20014.978335656335	17146.07365312921	15944.887728553336	9661.862597531912	13061.653211401122
PWY-6608	22712.19580419379	23400.85474452027	13823.724270192768	28647.364305065035	24890.240855842916	27317.51864367596	20309.8159401541	18574.36831313733	16164.694680184162	13276.050176655073
PWY-6609	49295.008670114665	42564.79953706113	41696.444274912225	49219.86158649328	49217.45336542925	68675.92513916017	66996.00790249817	50231.37187173987	52303.11421449608	39807.937070784326
PWY-6612	40623.42458380923	34057.520630061634	42904.589529987235	34114.00545732627	35730.275840925926	58923.53484239479	59815.27316723826	59348.44258478616	57748.1760147942	45826.751588580366
PWY-6628	43957.92626446765	36875.46349916469	43099.30873686077	39537.531895931286	37700.73029076379	43312.675331200415	45337.91909363733	44279.13729170185	41977.500448114806	34258.9727459892
PWY-6629	2593.2240989941906	4254.059411042158	4641.766706986184	2673.920364134318	3432.5950465189453	30800.457310108963	36531.298458052996	27199.65864721712	33993.850423781936	22274.588912318308
PWY-6630	41502.48175505216	34586.14933646721	40818.96834390502	37261.024541486535	35570.081878221754	41549.998680285615	43188.64612877433	43151.92404569728	39780.978403843925	33707.53209735864
PWY-6641	21.283510415572273	69.86079606613724	136.3306554009701	104.25670934359466	145.78399735810066	101.42648003940437	94.00023475225925	187.32870017520438	125.07045272887683	28.04243538184532
PWY-6690	11468.197317778	13308.71311565006	4107.409125048235	16555.373925491414	13120.481408670017	1598.3601899988666	1409.1655959602535	1782.0059699908682	1664.9013214451375	1388.1970616226163
PWY-6700	36861.36798702665	31481.5901907264	39375.33930565491	29160.197695551353	30970.802165029338	56368.05050790958	54503.07899722836	58319.864156534284	56076.695612023366	46914.999642227216
PWY-6703	31304.637559395862	27330.13656226903	33850.48146114358	24774.471983804106	26033.923528887193	44459.42139186772	43954.387053017635	49366.70282686388	47620.7750142281	39461.86682225357
PWY-6708	19297.37795844361	20589.718295965864	20984.697918483642	24906.14955849603	21939.276663629786	12728.302020535244	11231.60988160856	14233.77090236563	13084.393628887678	9537.253471788827
PWY-6713	0.0	0.0	7.493621882039957	0.0	0.0	0.0	0.0	0.0	0.0	0.0
PWY-6728	37.335979274584744	52.189080215587225	356.2765642982543	0.0	81.90885064647554	59.7449590114899	57.57014363220568	22.464543792992156	0.0	57.26777456650814
PWY-6731	0.0	7.498709356207816	7.49876951530154	0.0	7.498813126982388	4.999450760923342	0.0	0.0	0.0	0.0
PWY-6737	44211.46010698263	35434.11462867188	44465.28508667439	38423.72291517198	39672.72934647297	70504.56483483245	69778.42628789952	64364.55774053079	60318.76093669701	56198.41651175434
PWY-6749	3444.6264780178612	4780.146412108243	3772.1630714510557	1828.6774292541184	4048.903611634781	10002.81138091993	7718.764802073416	10572.381791360704	5478.122553170869	7730.6702926413345
PWY-6876	60.61929711221288	205.43824499978038	454.85872522133747	273.7559587916392	619.2849570881735	377.811961307496	49.96795562125558	496.5679649987491	285.94473841463247	35.9751479907352
PWY-6891	20724.350580837432	19914.100633535207	20842.36443080623	23302.68640584691	21315.34860715106	12811.939829219134	12704.289403769848	11682.245527540405	12674.569327567655	11292.116724203226
PWY-6892	31630.47233361342	26239.146496160934	32749.49351168898	28465.991370301927	29303.806860662306	35686.05592101894	25903.767184479122	46720.08741420955	30410.197524735817	41292.41077339253
PWY-6895	30358.953994998905	27098.173030145677	32004.291253636155	26710.982094122017	27148.86665440995	32243.33687262041	31362.33843994592	31484.331375665304	31804.55200077023	27979.94641811537
PWY-6897	34447.9358048686	29824.726106017573	36878.28181964228	27998.700025003836	29505.066124762154	52613.58085676577	50077.97906945793	54417.47358215174	51379.38132182864	44487.62235712329
PWY-6901	36655.265737251575	37705.90910838767	39855.1854386558	40123.24171295584	42109.12903950787	57162.301717830276	55784.35282941446	45170.210475494416	49895.98370468737	29726.129216139674
PWY-6906	0.0	453.021454458675	857.1898973744728	475.7306199889181	857.0778113922552	567.5315603152835	0.0	658.2876582478586	649.9978183074485	0.0
PWY-6944	0.0	2.3903670210425494	0.0	0.0	0.0	0.0	0.0	0.0	0.0	0.0
PWY-6969	44129.73368605551	41947.108068575864	45531.97329569076	40219.05832922026	41431.12791045433	66782.06534106759	66956.11814339532	69942.04558990069	67482.4329270024	54887.6777813775
PWY-7003	27881.45993822681	11249.563993897993	26016.58457146272	14237.862548078176	15661.978140707062	25019.398040435342	19410.561656142454	21172.392279185864	12602.330837765003	15185.303967361682
PWY-7007	4.659686065068846	0.0	0.0	0.0	0.0	5.999088656945018	0.0	27.642625951861152	2.999764556237728	0.0
PWY-7013	48866.0473168984	52729.57364162498	21098.49006610087	65320.498802663446	55752.30691579441	9698.795345859196	5855.34775771034	10161.358980930692	5106.291923644449	8481.335450298964
PWY-7090	1277.811664818884	666.3420958924132	968.0503817127251	470.73671208530993	612.1561220269057	1972.3453233220218	1668.0508806133469	1707.7450620434631	963.8514423785674	687.8557712422258
PWY-7094	2171.192286050392	5404.110904913905	11580.817122665432	6454.859369446264	8097.913711447873	7777.423670113307	253.08538380035955	14364.035962143715	5643.331443984024	157.78714250093182
PWY-7097	55.50015052585811	12.364533544491431	116.25968306641083	15.10005888152216	48.25047345821615	33.784665960122815	22.211286211770073	19.296666540321777	6.775540815664992	0.0
PWY-7098	62.41907885763403	13.909289955640046	130.6183283018361	16.98659822473581	54.2696344369462	37.91637612521094	24.863894290870075	21.699716548411683	7.617832451412031	0.0
PWY-7111	55828.27192776684	48433.356841302426	55082.12293413002	51106.645783394764	50861.257166653864	83072.91992688765	81177.1759835048	79406.79494767822	69827.6021134484	64947.252193575456
PWY-7159	0.0	8.971546829097402	8.986469837178257	0.0	8.9751488233558	11.968747302800933	0.0	0.0	0.0	0.0
PWY-7184	35111.404126296155	32950.923456124394	37312.58355943364	33023.90695513219	36625.878138923465	57371.19551727148	47284.420891164154	55107.63057866341	47894.85468557349	44320.57616875653
PWY-7187	35446.05754814172	30488.224291329378	36733.351966374335	31764.32821380447	36000.33499729613	58377.38071482379	49898.664926316276	53688.637911832615	47638.40831259223	43565.983175832705
PWY-7196	40446.02937703043	35756.26371820196	42506.37443743472	35322.76856295602	39836.219556517346	71957.49491883953	66649.29013335514	62679.99924067864	60283.086492615286	50951.98453582689
PWY-7197	30768.418271731447	30372.568088607335	32925.06356551786	28774.284266622846	32014.17978751163	56745.23516312873	51933.382984374955	55725.30125209906	52859.10199971572	45095.19532693118
PWY-7198	926.6095582951837	539.511766080426	553.8958203798609	1202.6432705766692	581.2064085163681	3499.57859445268	2251.179123125047	905.3200698013867	809.2596384632695	1583.627206128492
PWY-7199	32052.572983189122	27568.648026482937	33047.98996289832	29761.48711130412	32444.144853191243	48788.740076997026	41183.67776777482	35501.831522101245	33018.188800544005	28396.915891131055
PWY-7200	30443.506701189188	27925.74650565527	31928.06971203838	28909.69379454403	32273.863497197304	49738.03370932802	39665.243507522544	41916.03354027822	36067.6638720672	34184.760847358455
PWY-7208	51360.15507877839	41332.77868067664	53438.85457444335	43988.49683790388	52182.17385367365	91555.03143717338	83437.20303785594	80221.02052339127	73333.35148052844	65325.182653087664
PWY-7210	1306.9689493000124	765.2064743498523	785.6742051531944	1690.2666099196028	824.285959638095	4856.801331302543	3139.966989374679	1283.7344241921012	1146.925092463397	2226.743108699206
PWY-7211	36731.8166056009	33680.464619843355	38377.6619619006	34466.96708920826	36891.586881050265	53280.276259895414	44605.34937629396	57980.05992761242	49501.01788054425	47797.782422668395
PWY-7219	50410.725730615835	40492.51241856562	52820.933893572015	42499.501564439	48864.736616787406	86522.69449751725	80720.95926081752	78099.45956422416	70862.42403624418	64268.3957466874
PWY-722	14.748868839676454	357.6260002954025	622.5373746912306	430.88997601324724	647.7885155610032	588.9950411192887	10.437583892617448	616.1119903235683	390.60651032932367	0.0
PWY-7220	58350.75033018237	44923.46860349712	57755.87010952517	49571.33621714409	55612.36766273529	89698.44681797309	86101.0045975712	77806.4749547026	73433.70059221925	64038.490886987725
PWY-7221	48747.08725147812	40096.98774091981	47747.40844257999	42587.09954283694	48887.99402010887	78809.5474340561	72740.19540145405	70509.25556288683	63779.51630239702	57648.46898608713
PWY-7222	58350.75033018237	44923.46860349712	57755.87010952517	49571.33621714409	55612.36766273529	89698.44681797309	86101.0045975712	77806.4749547026	73433.70059221925	64038.490886987725
PWY-7228	41405.165915214915	39267.14355635057	42894.92390544288	38549.04321552518	42978.72555175062	69869.55543702297	63109.77928015943	65726.84844777278	60884.05258637818	52749.765213640254
PWY-7229	54000.84153419741	43302.904687266084	55821.94648846579	46084.5993791651	52420.29723514585	88473.6166644537	82716.80197031159	79054.05580926857	72535.75483780673	64636.890890998
PWY-7234	32249.90618381661	29890.234751054304	33704.79613744349	30137.521446504055	34448.69961863638	50792.961653798906	44002.739992008756	42959.99093409984	37293.913874015816	31289.189411676853
PWY-7237	38756.48	42005.11	21655.63	50930.04	42296.28	8943.94	3955.1999999999994	6914.96	4650.06	6342.85
PWY-7242	40458.01484399403	42632.01148405306	35661.78092124364	50179.37919834621	43180.07243665009	46626.797185855175	46139.938136601544	38984.1383178054	35772.38315623855	30814.934937686838
PWY-7254	33940.3473317559	35788.183328718784	30115.85263515685	39063.10047429323	36793.26172736011	22701.87606432092	17640.753525536526	24295.72302245835	21870.73912505624	12418.526317759644
PWY-7255	0.0	0.0	0.0	0.0	0.0	0.0	3.999153849626867	0.0	0.0	0.0
PWY-7295	22.35217910996156	84.25168020627977	187.98762582443152	79.78715347660062	168.38794164134117	126.78436588192167	0.0	154.0694918336063	0.0	0.0
PWY-7315	21318.455079701856	20942.84486388791	21025.476372046036	24099.64856368213	22684.006632109104	16999.05404516694	24464.179103273735	16537.957403644516	18583.149989380265	12019.476543545677
PWY-7323	24619.37576286547	21715.691704828292	34155.85607308278	13912.819801561225	21618.808401012822	47550.17140328968	45229.3635158414	45000.86208726578	44306.03896447063	33632.12297388093
PWY-7328	29525.23337741194	26420.536928274265	25728.265128912073	29984.740003870957	28561.873439021234	22895.233743337252	15959.749617192381	36895.469652299296	26919.40159331533	33120.205296698026
PWY-7332	11049.5079822655	12864.770158847676	15491.817819045302	6580.689474702844	9785.158285742122	37807.62939178698	38075.718238294874	25745.863772599725	29764.19724524271	13395.176321245943
PWY-7347	0.0	41.97796811733685	98.88980298484788	65.95295683688131	59.96028105752694	64.94779215612132	0.0	84.94840702635838	70.44894468896314	0.0
PWY-7371	694.5589671293036	959.3014692289225	1097.9375361480625	729.5343179843615	1004.9964969640356	1556.4677877314405	1094.3816017904596	1333.3300000000002	1236.6604613098043	913.9823921549961
PWY-7373	49.23539607465185	603.8848806211165	640.9056961839752	483.6632774308509	651.5019633871195	960.4815681636017	345.1003441033424	957.6737189179092	804.7613794717377	268.2718998219707
PWY-7374	406.573314710848	519.3323113137302	406.44544866148675	218.42115984187637	343.7423401176159	635.2451129728341	847.8181491816795	559.8104567068295	468.204397690057	698.3644685995802
PWY-7376	245.0550856126845	2142.566919963776	3552.2112040602788	2740.4824190838362	2986.394006335004	3337.325171016582	0.0	3221.031500602661	2201.4400369355412	0.0
PWY-7377	19850.19502655975	18203.91337779498	10456.079105099243	22261.90190934337	18810.9916639805	4826.610264564759	2555.0425515371526	5377.959938050794	3652.722736554892	4843.618744200324
PWY-7391	0.0	185.76093432985175	376.94390336764474	263.05811863126524	222.9494588367839	273.4555988820454	0.0	265.7498918098151	259.833752202926	0.0
PWY-7392	32036.086878046743	27226.976145350647	34475.824266313524	27686.054206295386	31937.54875236383	49643.94652519776	42482.892585566566	41402.545031590984	37709.95670249582	31014.38195580618
PWY-7400	40151.66726324484	32853.97916273166	40737.17613649377	32192.82138892758	33685.59408193595	53265.707661669476	53825.18345898643	56670.506916461374	49712.58692477267	50052.782469883925
PWY-7431	54.55105097322421	1081.0344932064438	1941.4540062205463	1360.2052933740374	1564.4473725799473	2241.7569278262454	7.989131522208784	1763.2093386323438	1126.3485458573375	5.994831238365045
PWY-7446	286.77474964524635	237.18260381408405	9484.396661275538	201.45058914947725	282.536848618177	970.7013685139129	1075.3698712811504	1115.876563479727	1131.6501587854004	517.7741361106329
PWY-7456	10957.535317127122	11205.632603728254	13510.315250673231	6307.982841778243	11791.894670184342	23803.10567948628	18981.667275281485	21565.036441314496	15579.794277970237	14539.805651102995
PWY-7539	35769.20998086855	30078.979307038404	39535.54329492881	29261.773537078647	30724.084069759694	51061.92743249875	52491.04448608263	46003.751108281314	50403.141764356886	32759.807396073465
PWY-7560	41521.90679431097	32037.63029464774	41357.43990143929	32081.825445356342	33064.31859943745	61379.02958190845	65122.7773327918	61057.74849312338	57540.41692416227	51714.088801675556
PWY-7616	6.417758785541497	0.0	0.0	0.0	0.0	8.965676037026212	0.0	66.56235189864782	4.487140100654535	0.0
PWY-7663	65732.6273753283	58882.0896090646	62692.8399886758	61525.82335765516	64806.63704947117	94436.46121760209	93150.29082864289	86733.10056256718	82674.67060804417	69568.4204306784
PWY-7664	33416.817686733106	33810.68011644163	43416.135746504486	39181.94132085029	36786.21601697786	25906.59496953984	21459.98585390635	28873.494764288946	23218.122833931087	16592.82614049591
PWY-841	43546.06453210101	38609.38495327391	45383.95525117316	37827.146809335376	42685.8231869067	74219.22201857732	68813.89163701297	70010.59599340371	63956.43786242459	56920.95759919914
PWY-922	4869.119398976143	5144.312563000478	6446.735357128246	7155.4079642950755	13459.363557625082	18844.117594964355	10309.463933350411	10759.372070675452	7824.793770491365	6886.228239548033
PWY0-1061	41332.787150496835	38912.77877791378	42319.34631066178	43477.97680302501	43586.299594323056	42537.18031331453	35894.230235074836	55393.998823669106	44202.86850318357	47648.81349685543
PWY0-1241	17081.483786456225	16804.336284177476	17050.257351773947	19984.972588241977	17132.307943054086	10267.70762975681	10827.534246270081	8707.48242977537	10013.976245048656	7347.463360126103
PWY0-1261	48573.84722225818	43454.24678430711	49488.690686252165	48095.041566127446	50268.94765271642	53816.520664908625	51652.99326201565	45812.02348366213	42807.83942913691	35166.92472109383
PWY0-1277	14681.86654819983	16386.90890651144	5716.580736074587	20508.42910313812	16537.813076437866	2601.0920806891436	2194.9289181695945	2598.138144349967	2389.132643642758	2180.39216140954
PWY0-1296	34122.615899266806	29614.381310403423	30279.535925990822	35997.260980380706	34171.17106857193	42380.97388845235	44368.970481523414	30791.92090469093	30514.453678488586	24862.498417839764
PWY0-1297	36314.43466228625	32227.452439451583	30403.8947324813	39449.00771480139	37885.782836622195	41858.126247977976	38935.267661395126	29311.080779413587	28083.9442019602	23686.61862701176
PWY0-1298	36198.80011796315	31691.10874336572	30160.735295210103	38620.245517085576	36605.485923049404	41593.37140006699	38979.31615035166	28933.662062854688	27974.54845108582	23381.947242932336
PWY0-1319	53456.0231672765	42829.19924189068	54154.34732218059	44258.154969002215	49887.83173921331	86071.98656127058	82284.9854815937	79522.45065180362	71709.00751261	66742.5542250082
PWY0-1338	12821.294860791431	14739.116906637608	13436.522615757909	18046.806070792136	14913.703356828662	7264.349279622204	8821.864212033423	7397.783386451455	8645.829406008812	4734.512423182836
PWY0-1415	18957.410453272496	19717.604884502027	19698.28996558021	22320.60437993524	19663.703438115004	16253.211298669703	19823.719239717997	13403.160800726186	16924.928872073928	8065.883510775242
PWY0-1479	24801.620094456932	22578.076330813514	24354.943410727155	25253.73299554382	23798.36447688656	20094.15912553314	20849.054247319917	20510.14714294687	20287.841058040944	16858.120655202933
PWY0-1533	18102.96202577336	20994.384097393606	17484.98036167794	25137.100876657456	20732.321455061316	9635.480827851326	10996.9953645195	9140.786200754139	11263.77195182889	6694.673458654378
PWY0-1586	40131.89053269083	34814.084494417046	38894.62650121756	46043.45653574975	47877.19265067566	54024.74605641081	53093.43467383208	41080.48860616406	35192.17520519192	32288.84254491959
PWY0-162	44307.838076535096	39381.39956358521	46386.75323119735	39457.37924833964	44328.3402573116	77665.98253970189	71648.7525416793	74066.02550704138	68089.40412112775	60250.502530949365
PWY0-166	36439.495213811555	31928.12408177226	37970.755670813945	33192.9798605848	37414.671596713604	59150.05454460453	50082.96559937302	54594.953231931446	48334.72090708876	43941.574746824546
PWY0-321	15901.516265274873	18171.80264463653	16054.228266648612	21764.283501052538	18172.928653844192	2871.797632703416	2112.744516594452	5435.890658135848	2867.88705425294	2171.226058656928
PWY0-41	15821.989540516164	18037.43849988996	3216.0800619080474	22562.95967747789	17681.615373012974	2252.820538151123	2021.0627939784804	2515.256611551081	2316.242426317341	2014.102892874574
PWY0-42	242.83132532441434	665.424288159579	1460.7815995215797	734.1691959855481	984.5139105959954	1895.5341702176559	1304.591736051722	2217.5602621227104	1851.417987457167	635.3618864642865
PWY0-781	36048.73039980023	31749.543166731528	35799.466914761106	34685.97304785122	35018.00385038461	39368.733955441116	34986.446101158355	35727.20445845518	32036.262160382375	26650.241745895088
PWY0-845	28945.183386952463	29428.13172544808	32150.822608261664	30140.452500645264	30380.52447102875	45001.364834373	42865.695965327366	41242.69826386742	39537.845125277716	32990.49897602088
PWY0-862	30425.115753774673	31001.229885787827	40799.6007896384	36330.255599077995	33832.732873006455	22921.432104552536	18885.436316701293	25732.467865947463	20557.366532622316	14639.573015844346
PWY1G-0	2.9122786381243624	0.0	0.0	0.0	0.0	3.7498893832719196	0.0	28.528153999094823	1.8749724804789973	0.0
PWY490-3	4415.74151317069	584.5011241963294	3248.1851431183445	1529.5847693504968	1429.420919379269	4268.20050616574	3367.737350299455	2436.9302035760243	1302.0420447759955	1941.6075588732817
PWY4FS-7	47471.58769135311	40038.47751201374	45593.52888823601	43395.52047252905	47094.03389313761	69813.57515960222	60236.08305208525	67560.95290666737	52672.79716325343	55840.39614691545
PWY4FS-8	47471.58769135311	40038.47751201374	45593.52888823601	43395.52047252905	47094.03389313761	69813.57515960222	60236.08305208525	67560.95290666737	52672.79716325343	55840.39614691545
PWYG-321	33965.42115047484	34474.00782042006	44007.32568186554	40194.39841427878	37649.06726177366	26316.092195280155	21575.626486570287	29618.495788168406	23529.18978489843	17113.057371000235
PYRIDNUCSAL-PWY	31663.411562015848	25273.550843817608	31421.69879022547	26296.966712788166	25641.41293626447	44309.5305488705	50059.39762731707	40836.32187220893	45940.03832033792	34976.51501550601
PYRIDNUCSYN-PWY	31396.570195426513	25513.237263296374	32790.02335647224	27502.275566781078	28954.70771467339	50993.38639431968	49960.848902993595	52636.849918865664	49035.14121603252	43815.812513817
PYRIDOXSYN-PWY	23879.416217307422	24571.74369681724	28065.499866042417	24243.19290178578	24262.516755608613	39982.11276890192	38951.46990719175	42874.520545963795	43132.16252304429	31297.874063664032
REDCITCYC	39643.6028670198	40607.88493668109	34973.77550881667	40768.252060568586	41369.00216016978	26515.42349390784	20659.063333708727	27895.216292437617	25367.356050838214	14322.773815817547
RHAMCAT-PWY	17583.011342605732	19540.070193941327	17576.052869575597	20264.64503512853	20180.904015290653	21405.018740920183	20449.635624007842	16762.07526122316	16079.366509634066	13931.576944318433
RIBOSYN2-PWY	38485.23920312053	31095.190400751668	40284.334723785025	30802.458519039552	33489.35121077922	58202.38595307459	55050.629575773215	57715.15848730671	53860.36874394727	47330.549765317664
RUMP-PWY	10667.479727325857	1038.3074308802838	9761.229605787748	2032.8779232910365	2534.2932246870805	5133.057730696912	4393.5105692716315	3761.373236019557	3532.0764053156436	1862.904481707412
SALVADEHYPOX-PWY	10769.946260723298	9476.907569913752	15004.71768842262	12607.444849703304	13681.949162383808	27009.00211028939	20564.57147630791	18882.197488394486	16267.408974301317	13491.684991529813
SER-GLYSYN-PWY	47497.99021857513	38562.59728350808	44757.496822826935	39733.52352824494	42186.15431440395	70458.11411265287	71270.62046982534	66278.44364108705	65451.99611263436	51315.26723838993
SO4ASSIM-PWY	23360.747980450593	26009.456967821603	25452.950528483256	27886.604106242114	25529.562995553995	25814.319953046208	15705.141561765968	40799.33719447676	26251.040449546923	38602.983857690706
SUCSYN-PWY	0.0	139.55537916107497	327.79673257246213	219.02837114756946	199.19457636151756	215.78951008612106	0.0	282.1373810586234	234.01080677553705	0.0
SULFATE-CYS-PWY	32291.02801664306	32686.42516707823	34030.92441808586	33797.060287131084	32731.864192807392	39854.3048630528	27746.845828869653	50842.43042156777	38736.97110128093	44048.53924991079
TCA	41034.05667806474	40453.26297004323	43002.562078560244	42294.85141339519	39756.23968237052	63186.456509550626	64035.308612408335	67584.05507928944	65406.62462239416	53342.01731173718
TCA-GLYOX-BYPASS	25692.66130798302	28093.103743436357	26774.24948453858	30908.728073123715	28367.050573270193	23375.274928824223	19921.63093123224	24790.56954944931	23700.641137940645	13506.52746991027
TEICHOICACID-PWY	3949.882585434729	4694.264239136756	4983.177082596922	4648.00602944265	7415.269157086716	16900.617919140845	11484.25416179293	11334.469791536423	9034.575307663337	6631.220976456743
THISYN-PWY	33770.38459310796	29000.704421998566	36027.03345028401	27869.894604375324	29174.85475173434	47600.57164470017	41904.91746618819	52846.72565724542	44965.74230748067	43721.74067455689
THREOCAT-PWY	20522.618016590674	21347.81447051462	13742.104278958506	24098.083978627757	20887.175986742273	3656.3634158596315	1955.388909049901	4635.34006226979	3246.8590399178274	4158.216897871003
THRESYN-PWY	50530.99266968459	43111.547646679326	49277.244890531525	42876.58319245153	46864.79008908385	78080.08472557666	79275.71034866916	64900.882396614434	66684.74511000267	51943.15506623187
TRNA-CHARGING-PWY	46269.10986355203	37196.79041734678	47134.97495630993	38843.85062910999	43587.83414589037	76203.7834092322	72446.59656524291	69532.81457896323	64031.287675156505	57015.69501396846
TRPSYN-PWY	32737.580177680964	30487.8538477741	34833.63086118762	31669.39185383848	32767.524031821267	56621.74678292333	58110.6193452932	59572.85307058239	56605.61753673135	48150.73556677062
TYRFUMCAT-PWY	449.04842783187394	1082.678849759272	2118.9539042195875	1317.3836504662634	1619.7375853641176	1544.6100573754275	48.36833327890878	3162.016614709914	1026.2896836729105	239.9161891815683
UBISYN-PWY	19145.18662406816	20308.248412764642	20825.928740644562	24182.38008440955	21417.25650784803	12721.857927786383	11390.075680418857	14097.562943290013	13045.625851734088	9388.22572599975
UDPNAGSYN-PWY	33499.106297067294	27392.982976189443	34305.34357346131	32167.927144663045	36039.12778949888	45721.50350693271	40665.14352239433	33872.09021217007	29110.813324043094	27351.160998061405
VALDEG-PWY	1430.1934187984534	0.0	1085.80835828159	0.0	8.997152683746362	8.995606740736065	0.0	542.9272715579366	0.0	0.0
VALSYN-PWY	48268.34666204425	40528.44382741513	48387.77207502997	41045.38631604161	42412.35504074547	77164.7982327165	80207.14069740835	74860.28460920144	69914.60288529971	61826.645388986304
